{
    "Automatons": {
        "Invasion": "Unknown",
        "Defence": {
            "1 - TRIVIAL": [
            "Terminate Illegal Broadcast",
            "Pump Fuel To ICBM",
            "Upload Escape Pod Data",
            "Spread Democracy",
            "Retrieve Essential Personnel",
            "Destroy Transmission Network",
            "Eliminate Devastators"
            ],
            "2 - EASY": [
            "Terminate Illegal Broadcast",
            "Pump Fuel To ICBM",
            "Upload Escape Pod Data",
            "Spread Democracy",
            "Retrieve Essential Personnel",
            "Conduct Geological Survey",
            "Destroy Transmission Network",
            "Eliminate Devastators",
            "Sabotage Supply Bases"
            ],
            "3 - MEDIUM": [
            "Spread Democracy",
            "Retrieve Essential Personnel",
            "Conduct Geological Survey",
            "Launch ICBM",
            "Retrieve Valuable Data",
            "Blitz: Search and Destroy",
            "Emergency Evacuation",
            "Eliminate Automaton Hulks",
            "Sabotage Supply Bases",
            "Sabotage Air Base",
            "Eradicate Automaton Forces"
            ],
            "4 - CHALLENGING": [
            "Spread Democracy",
            "Retrieve Essential Personnel",
            "Conduct Geological Survey",
            "Launch ICBM",
            "Retrieve Valuable Data",
            "Blitz: Search and Destroy",
            "Emergency Evacuation",
            "Eliminate Automaton Factory Strider",
            "Sabotage Supply Bases",
            "Sabotage Air Base",
            "Eradicate Automaton Forces"
            ],
            "5 - HARD": [
            "Spread Democracy",
            "Retrieve Essential Personnel",
            "Evacuate High-Value Assets",
            "Conduct Geological Survey",
            "Launch ICBM",
            "Retrieve Valuable Data",
            "Blitz: Search and Destroy",
            "Emergency Evacuation",
            "Eliminate Automaton Factory Strider",
            "Sabotage Supply Bases",
            "Sabotage Air Base",
            "Eradicate Automaton Forces",
            "Destroy Command Bunkers",
            "Neutralize Orbital Defenses"
            ],
            "6 - EXTREME": [
            "Spread Democracy",
            "Retrieve Essential Personnel",
            "Evacuate High-Value Assets",
            "Conduct Geological Survey",
            "Launch ICBM",
            "Retrieve Valuable Data",
            "Blitz: Search and Destroy",
            "Emergency Evacuation",
            "Eliminate Automaton Factory Strider",
            "Sabotage Air Base",
            "Eradicate Automaton Forces",
            "Destroy Command Bunkers",
            "Neutralize Orbital Defenses"
            ],
            "7 - SUICIDE MISSION": [
            "Spread Democracy",
            "Retrieve Essential Personnel",
            "Evacuate High-Value Assets",
            "Conduct Geological Survey",
            "Launch ICBM",
            "Retrieve Valuable Data",
            "Blitz: Search and Destroy",
            "Emergency Evacuation",
            "Sabotage Air Base",
            "Eradicate Automaton Forces",
            "Destroy Command Bunkers",
            "Neutralize Orbital Defenses"
            ],
            "8 - IMPOSSIBLE": [
            "Spread Democracy",
            "Retrieve Essential Personnel",
            "Evacuate High-Value Assets",
            "Conduct Geological Survey",
            "Launch ICBM",
            "Retrieve Valuable Data",
            "Blitz: Search and Destroy",
            "Emergency Evacuation",
            "Sabotage Air Base",
            "Eradicate Automaton Forces",
            "Destroy Command Bunkers",
            "Neutralize Orbital Defenses"
            ],
            "9 - HELLDIVE": [
            "Spread Democracy",
            "Retrieve Essential Personnel",
            "Evacuate High-Value Assets",
            "Conduct Geological Survey",
            "Launch ICBM",
            "Retrieve Valuable Data",
            "Blitz: Search and Destroy",
            "Emergency Evacuation",
            "Sabotage Air Base",
            "Eradicate Automaton Forces",
            "Destroy Command Bunkers",
            "Neutralize Orbital Defenses"
            ],
            "10 - SUPER HELLDIVE": [
            "Spread Democracy",
            "Retrieve Essential Personnel",
            "Evacuate High-Value Assets",
            "Conduct Geological Survey",
            "Launch ICBM",
            "Retrieve Valuable Data",
            "Blitz: Search and Destroy",
            "Emergency Evacuation",
            "Sabotage Air Base",
            "Eradicate Automaton Forces",
            "Destroy Command Bunkers",
            "Neutralize Orbital Defenses"
            ]
        },
        "Liberation": {
            "1 - TRIVIAL": [
            "Terminate Illegal Broadcast",
            "Pump Fuel To ICBM",
            "Upload Escape Pod Data",
            "Spread Democracy",
            "Destroy Transmission Network",
            "Eliminate Devastators"
            ],
            "2 - EASY": [
            "Terminate Illegal Broadcast",
            "Pump Fuel To ICBM",
            "Upload Escape Pod Data",
            "Spread Democracy",
            "Conduct Geological Survey",
            "Destroy Transmission Network",
            "Eliminate Devastators",
            "Sabotage Supply Bases"
            ],
            "3 - MEDIUM": [
            "Spread Democracy",
            "Conduct Geological Survey",
            "Launch ICBM",
            "Retrieve Valuable Data",
            "Blitz: Search and Destroy",
            "Emergency Evacuation",
            "Eliminate Automaton Hulks",
            "Sabotage Supply Bases",
            "Sabotage Air Base",
            "Eradicate Automaton Forces"
            ],
            "4 - CHALLENGING": [
            "Spread Democracy",
            "Conduct Geological Survey",
            "Launch ICBM",
            "Retrieve Valuable Data",
            "Blitz: Search and Destroy",
            "Emergency Evacuation",
            "Eliminate Automaton Factory Strider",
            "Sabotage Supply Bases",
            "Sabotage Air Base",
            "Eradicate Automaton Forces"
            ],
            "5 - HARD": [
            "Spread Democracy",
            "Conduct Geological Survey",
            "Launch ICBM",
            "Retrieve Valuable Data",
            "Blitz: Search and Destroy",
            "Emergency Evacuation",
            "Eliminate Automaton Factory Strider",
            "Sabotage Supply Bases",
            "Sabotage Air Base",
            "Eradicate Automaton Forces",
            "Destroy Command Bunkers",
            "Neutralize Orbital Defenses"
            ],
            "6 - EXTREME": [
            "Spread Democracy",
            "Conduct Geological Survey",
            "Launch ICBM",
            "Retrieve Valuable Data",
            "Blitz: Search and Destroy",
            "Emergency Evacuation",
            "Eliminate Automaton Factory Strider",
            "Sabotage Air Base",
            "Eradicate Automaton Forces",
            "Destroy Command Bunkers",
            "Neutralize Orbital Defenses"
            ],
            "7 - SUICIDE MISSION": [
            "Spread Democracy",
            "Conduct Geological Survey",
            "Launch ICBM",
            "Retrieve Valuable Data",
            "Blitz: Search and Destroy",
            "Emergency Evacuation",
            "Sabotage Air Base",
            "Eradicate Automaton Forces",
            "Destroy Command Bunkers",
            "Neutralize Orbital Defenses"
            ],
            "8 - IMPOSSIBLE": [
            "Spread Democracy",
            "Conduct Geological Survey",
            "Launch ICBM",
            "Retrieve Valuable Data",
            "Blitz: Search and Destroy",
            "Emergency Evacuation",
            "Sabotage Air Base",
            "Eradicate Automaton Forces",
            "Destroy Command Bunkers",
            "Neutralize Orbital Defenses"
            ],
            "9 - HELLDIVE": [
            "Spread Democracy",
            "Conduct Geological Survey",
            "Launch ICBM",
            "Retrieve Valuable Data",
            "Blitz: Search and Destroy",
            "Emergency Evacuation",
            "Sabotage Air Base",
            "Eradicate Automaton Forces",
            "Destroy Command Bunkers",
            "Neutralize Orbital Defenses"
            ],
            "10 - SUPER HELLDIVE": [
            "Spread Democracy",
            "Conduct Geological Survey",
            "Launch ICBM",
            "Retrieve Valuable Data",
            "Blitz: Search and Destroy",
            "Emergency Evacuation",
            "Sabotage Air Base",
            "Eradicate Automaton Forces",
            "Destroy Command Bunkers",
            "Neutralize Orbital Defenses"
            ]
        }
    },
    "Terminids": {
        "Invasion": "Unknown",
        "Defense": {
            "1 - TRIVIAL": [
            "Terminate Illegal Broadcast",
            "Pump Fuel To ICBM",
            "Upload Escape Pod Data",
            "Spread Democracy",
            "Retrieve Essential Personnel",
            "Eliminate Brood Commanders"
            ],
            "2 - EASY": [
            "Spread Democracy",
            "Eliminate Brood Commanders",
            "Activate E-710 Pumps",
            "Purge Hatcheries",
            "Eradicate Terminid Swarm"
            ],
            "3 - MEDIUM": [
            "Spread Democracy",
            "Conduct Geological Survey",
            "Launch ICBM",
            "Retrieve Valuable Data",
            "Blitz: Search and Destroy",
            "Emergency Evacuation",
            "Eliminate Chargers",
            "Activate E-710 Pumps",
            "Purge Hatcheries",
            "Eradicate Terminid Swarm"
            ],
            "4 - CHALLENGING": [
            "Spread Democracy",
            "Conduct Geological Survey",
            "Launch ICBM",
            "Retrieve Valuable Data",
            "Blitz: Search and Destroy",
            "Emergency Evacuation",
            "Eliminate Bile Titans",
            "Purge Hatcheries",
            "Enable E-710 Extraction",
            "Nuke Nursery",
            "Eradicate Terminid Swarm"
            ],
            "5 - HARD": [
            "Spread Democracy",
            "Conduct Geological Survey",
            "Launch ICBM",
            "Retrieve Valuable Data",
            "Blitz: Search and Destroy",
            "Emergency Evacuation",
            "Evacuate High-Value Assets",
            "Eliminate Impaler",
            "Eliminate Bile Titans",
            "Purge Hatcheries",
            "Enable E-710 Extraction",
            "Nuke Nursery",
            "Eradicate Terminid Swarm"
            ],
            "6 - EXTREME": [
            "Spread Democracy",
            "Conduct Geological Survey",
            "Launch ICBM",
            "Retrieve Valuable Data",
            "Blitz: Search and Destroy",
            "Emergency Evacuation",
            "Evacuate High-Value Assets",
            "Purge Hatcheries",
            "Enable E-710 Extraction",
            "Nuke Nursery",
            "Eradicate Terminid Swarm"
            ],
            "7 - SUICIDE MISSION": [
            "Spread Democracy",
            "Conduct Geological Survey",
            "Launch ICBM",
            "Retrieve Valuable Data",
            "Blitz: Search and Destroy",
            "Emergency Evacuation",
            "Evacuate High-Value Assets",
            "Purge Hatcheries",
            "Enable E-710 Extraction",
            "Nuke Nursery",
            "Eradicate Terminid Swarm"
            ],
            "8 - IMPOSSIBLE": [
            "Spread Democracy",
            "Conduct Geological Survey",
            "Launch ICBM",
            "Retrieve Valuable Data",
            "Blitz: Search and Destroy",
            "Emergency Evacuation",
            "Evacuate High-Value Assets",
            "Purge Hatcheries",
            "Enable E-710 Extraction",
            "Nuke Nursery",
            "Eradicate Terminid Swarm"
            ],
            "9 - HELLDIVE": [
            "Spread Democracy",
            "Conduct Geological Survey",
            "Launch ICBM",
            "Retrieve Valuable Data",
            "Blitz: Search and Destroy",
            "Emergency Evacuation",
            "Evacuate High-Value Assets",
            "Purge Hatcheries",
            "Enable E-710 Extraction",
            "Nuke Nursery",
            "Eradicate Terminid Swarm"
            ],
            "10 - SUPER HELLDIVE": [
            "Spread Democracy",
            "Conduct Geological Survey",
            "Launch ICBM",
            "Retrieve Valuable Data",
            "Blitz: Search and Destroy",
            "Emergency Evacuation",
            "Evacuate High-Value Assets",
            "Purge Hatcheries",
            "Enable E-710 Extraction",
            "Nuke Nursery",
            "Eradicate Terminid Swarm"
            ]
        },
        "Liberation": {
            "1 - TRIVIAL": [
            "Terminate Illegal Broadcast",
            "Pump Fuel To ICBM",
            "Upload Escape Pod Data",
            "Eliminate Brood Commanders"
            ],
            "2 - EASY": [
            "Spread Democracy",
            "Eliminate Brood Commanders",
            "Activate E-710 Pumps"
            ],
            "3 - MEDIUM": [
            "Spread Democracy",
            "Conduct Geological Survey",
            "Launch ICBM",
            "Retrieve Valuable Data",
            "Blitz: Search and Destroy",
            "Emergency Evacuation",
            "Eliminate Chargers",
            "Activate E-710 Pumps",
            "Purge Hatcheries",
            "Eradicate Terminid Swarm"
            ],
            "4 - CHALLENGING": [
            "Spread Democracy",
            "Conduct Geological Survey",
            "Launch ICBM",
            "Retrieve Valuable Data",
            "Blitz: Search and Destroy",
            "Emergency Evacuation",
            "Eliminate Bile Titans",
            "Purge Hatcheries",
            "Enable E-710 Extraction",
            "Nuke Nursery",
            "Eradicate Terminid Swarm"
            ],
            "5 - HARD": [
            "Spread Democracy",
            "Conduct Geological Survey",
            "Launch ICBM",
            "Retrieve Valuable Data",
            "Blitz: Search and Destroy",
            "Emergency Evacuation",
            "Eliminate Impaler",
            "Eliminate Bile Titans",
            "Purge Hatcheries",
            "Enable E-710 Extraction",
            "Nuke Nursery",
            "Eradicate Terminid Swarm"
            ],
            "6 - EXTREME": [
            "Spread Democracy",
            "Conduct Geological Survey",
            "Launch ICBM",
            "Retrieve Valuable Data",
            "Blitz: Search and Destroy",
            "Emergency Evacuation",
            "Purge Hatcheries",
            "Enable E-710 Extraction",
            "Nuke Nursery",
            "Eradicate Terminid Swarm"
            ],
            "7 - SUICIDE MISSION": [
            "Spread Democracy",
            "Conduct Geological Survey",
            "Launch ICBM",
            "Retrieve Valuable Data",
            "Blitz: Search and Destroy",
            "Emergency Evacuation",
            "Purge Hatcheries",
            "Enable E-710 Extraction",
            "Nuke Nursery",
            "Eradicate Terminid Swarm"
            ],
            "8 - IMPOSSIBLE": [
            "Spread Democracy",
            "Conduct Geological Survey",
            "Launch ICBM",
            "Retrieve Valuable Data",
            "Blitz: Search and Destroy",
            "Emergency Evacuation",
            "Purge Hatcheries",
            "Enable E-710 Extraction",
            "Nuke Nursery",
            "Eradicate Terminid Swarm"
            ],
            "9 - HELLDIVE": [
            "Spread Democracy",
            "Conduct Geological Survey",
            "Launch ICBM",
            "Retrieve Valuable Data",
            "Blitz: Search and Destroy",
            "Emergency Evacuation",
            "Purge Hatcheries",
            "Enable E-710 Extraction",
            "Nuke Nursery",
            "Eradicate Terminid Swarm"
            ],
            "10 - SUPER HELLDIVE": [
            "Spread Democracy",
            "Conduct Geological Survey",
            "Launch ICBM",
            "Retrieve Valuable Data",
            "Blitz: Search and Destroy",
            "Emergency Evacuation",
            "Purge Hatcheries",
            "Enable E-710 Extraction",
            "Nuke Nursery",
            "Eradicate Terminid Swarm"
            ]
        }
    },
    "Illuminate": {
        "Invasion": {
            "1 - TRIVIAL": [
            "Terminate Broadcast",
            "Pump Fuel To ICBM",
            "Upload Escape Pod Data",
            "Evacuate Colonists",
            "Retrieve Recon Craft Intel",
            "Free Colony"
            ],
            "2 - EASY": [
            "Terminate Broadcast",
            "Pump Fuel To ICBM",
            "Upload Escape Pod Data",
            "Conduct Geological Survey",
            "Evacuate Colonists",
            "Retrieve Recon Craft Intel",
            "Free Colony"
            ],
            "3 - MEDIUM": [
            "Conduct Geological Survey",
            "Launch ICBM",
            "Blitz: Destroy Illuminate Warp Ships",
            "Destroy Harvesters",
            "Evacuate Colonists",
            "Retrieve Recon Craft Intel",
            "Free Colony"
            ],
            "4 - CHALLENGING": [
            "Conduct Geological Survey",
            "Launch ICBM",
            "Blitz: Destroy Illuminate Warp Ships",
            "Evacuate Colonists",
            "Retrieve Recon Craft Intel",
            "Free Colony"
            ],
            "5 - HARD": [
            "Conduct Geological Survey",
            "Launch ICBM",
            "Defend Evacuation Site",
            "Blitz: Destroy Illuminate Warp Ships",
            "Evacuate Colonists",
            "Retrieve Recon Craft Intel",
            "Free Colony"
            ],
            "6 - EXTREME": [
            "Conduct Geological Survey",
            "Launch ICBM",
            "Defend Evacuation Site",
            "Blitz: Destroy Illuminate Warp Ships",
            "Evacuate Colonists",
            "Retrieve Recon Craft Intel",
            "Free Colony"
            ],
            "7 - SUICIDE MISSION": [
            "Conduct Geological Survey",
            "Launch ICBM",
            "Defend Evacuation Site",
            "Blitz: Destroy Illuminate Warp Ships",
            "Evacuate Colonists",
            "Retrieve Recon Craft Intel",
            "Free Colony"
            ],
            "8 - IMPOSSIBLE": [
            "Conduct Geological Survey",
            "Launch ICBM",
            "Defend Evacuation Site",
            "Blitz: Destroy Illuminate Warp Ships",
            "Evacuate Colonists",
            "Retrieve Recon Craft Intel",
            "Free Colony"
            ],
            "9 - HELLDIVE": [
            "Conduct Geological Survey",
            "Launch ICBM",
            "Defend Evacuation Site",
            "Blitz: Destroy Illuminate Warp Ships",
            "Evacuate Colonists",
            "Retrieve Recon Craft Intel",
            "Free Colony"
            ],
            "10 - SUPER HELLDIVE": [
            "Conduct Geological Survey",
            "Launch ICBM",
            "Defend Evacuation Site",
            "Blitz: Destroy Illuminate Warp Ships",
            "Evacuate Colonists",
            "Retrieve Recon Craft Intel",
            "Free Colony"
            ]
        },
        "Defense": "Unknown",
        "Liberation": "Unknown"
    }
}